,selected reactions,time
0,1,0.004510700000000867
1,2,0.0040143000000014695
2,0,0.0032077000000008127
3,0,-1.0
4,2,-1.0
