,selected reactions,time
0,0,0.003957600000000117
1,0,0.0036069000000003015
2,1,0.0036989999999996748
3,2,-1.0
4,2,-1.0
